GLOPAD_ID,PAAX_ID,GW_ID,ActorName,actor_classification_glopad
POL_114,POL_114,230,AB,Country/State
POL_334,POL_334,516,ABASA,Country/State
ENT_46,ENT_46,372,Abkhazia,Country/State
OTH_72,OTH_72,750,ABSU,Country/State
ENT_864,ENT_864,625,Abyei,Country/State
NGO_1200,NGO_1200,580,Acces Zon'olombelona,Country/State
GP-1,,,Accord,Country/State
OTH_1288,OTH_1288,482,ACDP,Country/State
OTH_165,OTH_165,850,Aceh Police,Country/State
NGO_973,NGO_973,490,ACIAR,Country/State
POL_584,POL_584,461,Action Committee for Renewal,Country/State
OTH_1009,OTH_1009,840,Ad Hoc Joint Action Group,Country/State
NGO_1357,NGO_1357,475,Adara,Country/State
IGO_600,IGO_600,,ADB,Country/State
POL_27,POL_27,481,ADERE,Country/State
OTH_1071,OTH_1071,620,Advisory Committee of the Libyan Political Dialogue Forum,Country/State
IGO_439,IGO_439,,AFDB,Country/State
NGO_508,NGO_508,700,Afghan Refugees,Country/State
CON_288,CON_288,700,Afghanistan,Country/State
GP-113,,,African Council for Religious Leaders Religions for Peace,Country/State
NGO_703,NGO_703,461,African Female Ministers and Parliamentarians Network,Country/State
POL_25,POL_25,481,African Forum for Reconstruction,Country/State
POL_222,POL_222,560,African National Congress,Country/State
POL_1004,POL_1004,482,African Party for Radical Transformation and Integration of States,Country/State
IGO_87,IGO_87,,African Union,Country/State
IGO_950,IGO_950,,African Union-United Nations Hybrid Operation in Darfur (UNAMID),Country/State
POL_844,POL_844,570,African Unity Movement,Country/State
NGO_595,NGO_595,,Aga Khan Development Network,Country/State
NGO_453,NGO_453,,Aga Khan Foundation,Country/State
POL_1211,POL_1211,580,AKFM,Country/State
POL_1201,POL_1201,580,AKFM-Fanavoazana ,Country/State
POL_738,POL_738,678,Al - Haqq,Country/State
POL_879,POL_879,678,Al-Rashad Union,Country/State
CON_587,CON_587,339,Albania,Country/State
OTH_1275,OTH_1275,340,"Albanian ethnic community (Presevo, Bujanovac and Medvedja)",Country/State
CON_255,CON_255,615,Algeria,Country/State
POL_524,POL_524,570,All Basotho Convention,Country/State
POL_845,POL_845,570,All Democratic Cooperation,Country/State
POL_581,POL_581,626,All Political Parties Conference,Country/State
POL_366,POL_366,450,All-Liberian Coalition Party,Country/State
POL_426,POL_426,482,Alliance for Democracy and Progress,Country/State
POL_1003,POL_1003,346,Alliance of Independent Social Democrats,Country/State
NGO_1031,NGO_1031,482,Alliance of the Evangelicals of CAR,Country/State
POL_329,POL_329,516,Alliance of the Valiant,Country/State
POL_520,POL_520,660,Amal Movement,Country/State
NGO_1034,NGO_1034,482,Ambassadors of Peace,Country/State
POL_1202,POL_1202,580,AME,Country/State
NGO_102,NGO_102,230,Amnistiaren Aldeko Batzordeak,Country/State
POL_323,POL_323,516,ANADDE,Country/State
POL_1284,POL_1284,775,ANC,Country/State
NGO_1256,NGO_1256,541,Anglican Church of Southern Africa,Country/State
CON_260,CON_260,540,Angola,Country/State
ENT_484,ENT_484,581,Anjouan,Country/State
GP-123,,32,Antigua and Barbuda,Country/State
GOV_1141,GOV_1141,100,Antioquia,Country/State
POL_473,POL_473,,AP,Country/State
ENT_1281,ENT_1281,840,Apayao Province,Country/State
IGO_680,IGO_680,,APO,Country/State
POL_38,POL_38,481,APSG,Country/State
NGO_1012,NGO_1012,325,Ara Pacis Initiatives for Peace Onlus,Country/State
POL_877,POL_877,652,Arab Baath Socialist Party,Country/State
GP-5,,,Arab Development Bank,Country/State
OTH_791,OTH_791,,Arbitration Commission of the Conference on Yugoslavia,Country/State
CON_9,CON_9,160,Argentina,Country/State
CON_61,CON_61,371,Armenia,Country/State
ENT_1268,ENT_1268,840,ARMM,Country/State
POL_1204,POL_1204,580,Asa Vita no Ifampitsarana,Country/State
OTH_872,OTH_872,750,ASDC,Country/State
GP-115,,,ASEAN,Country/State
ENT_69,ENT_69,750,Assam,Country/State
ENT_967,ENT_967,750,Assam Government,Country/State
OTH_983,OTH_983,490,Association for Integrated Community Development (ADCI),Country/State
NGO_1352,NGO_1352,475,Atakar,Country/State
NGO_1345,NGO_1345,475,Atyap,Country/State
CON_277,CON_277,900,Australia,Country/State
CON_588,CON_588,305,Austria,Country/State
NGO_109,NGO_109,230,Auto-Determinazioren Bilzarrak,Country/State
ENT_986,ENT_986,910,Autonomous Bougainville Government,Country/State
NGO_1351,NGO_1351,475,Ayu,Country/State
CON_59,CON_59,373,Azerbaijan,Country/State
GP-124,,31,Bahamas,Country/State
CON_18,CON_18,692,Bahrain,Country/State
NGO_1282,NGO_1282,692,Bahrain Chamber of Commerce and Industry,Country/State
NGO_1344,NGO_1344,475,Bajju,Country/State
NGO_104,NGO_104,230,Bakea Orain (Peace Now),Country/State
ENT_633,ENT_633,910,Baku community,Country/State
NGO_1178,NGO_1178,840,Balay Mindanaw Foundation Inc.,Country/State
ENT_1104,ENT_1104,520,Banaadir,Country/State
CON_287,CON_287,771,Bangladesh,Country/State
GP-125,,53,Barbados,Country/State
POL_530,POL_530,570,Basotho Batho Democratic Party,Country/State
POL_843,POL_843,570,Basotho Congress Party,Country/State
POL_528,POL_528,570,Basotho Democratic National Party,Country/State
POL_842,POL_842,570,Basotho National African Congress,Country/State
POL_846,POL_846,570,Basotho National Party,Country/State
POL_850,POL_850,570,Basutoland Congress Party,Country/State
POL_526,POL_526,570,Batotho National Party,Country/State
POL_122,POL_122,230,BATZARRE ZUTIK,Country/State
CON_58,CON_58,370,Belarus,Country/State
CON_441,CON_441,211,Belgium,Country/State
ENT_961,ENT_961,340,Belgrade,Country/State
GP-126,,80,Belize,Country/State
CON_41,CON_41,434,Benin,Country/State
GP-8,,,Berghof Foundation,Country/State
GP-127,,760,Bhutan,Country/State
IGO_1191,IGO_1191,,BINUCA,Country/State
NGO_1030,NGO_1030,482,Bishops of Central African Republic,Country/State
ENT_863,ENT_863,625,Blue Nile,Country/State
OTH_952,OTH_952,750,Bodoland Territorial Council,Country/State
GP-128,,145,Bolivia,Country/State
ENT_213,ENT_213,560,Bophuthatswana Govt,Country/State
CON_0,CON_0,346,Bosnia and Herzegovina,Country/State
CON_267,CON_267,571,Botswana,Country/State
ENT_356,ENT_356,910,Bougainville,Country/State
ENT_341,ENT_341,910,Bougainville Interim Provincial Government,Country/State
POL_342,POL_342,910,Bougainville Peoples Congress,Country/State
ENT_345,ENT_345,910,Bougainville Transitional Government,Country/State
NGO_344,NGO_344,910,Bougainville Women,Country/State
OTH_71,OTH_71,750,BPAC,Country/State
CON_15,CON_15,140,Brazil,Country/State
CON_292,CON_292,835,Brunei,Country/State
POL_1026,POL_1026,482,BTK,Country/State
CON_589,CON_589,355,Bulgaria,Country/State
CON_86,CON_86,439,Burkina Faso,Country/State
CON_253,CON_253,516,Burundi,Country/State
CON_88,CON_88,437,C√¥te d‚ÄôIvoire,Country/State
OTH_715,OTH_715,540,Cabinda Forum for Dialogue,Country/State
CON_247,CON_247,811,Cambodia,Country/State
CON_290,CON_290,471,Cameroon,Country/State
CON_11,CON_11,20,Canada,Country/State
CON_354,CON_354,402,Cape Verde,Country/State
NGO_270,NGO_270,93,Cardinal Miguel Obando Bravo,Country/State
GP-9,,,Carter Center,Country/State
NGO_96,NGO_96,,Catholic Church,Country/State
NGO_1182,NGO_1182,100,Caucanos for Peace,Country/State
IGO_1070,IGO_1070,,CBLT,Country/State
NGO_1205,NGO_1205,580,CCOC,Country/State
OTH_834,OTH_834,775,CDAC,Country/State
NGO_1298,NGO_1298,482,CDC,Country/State
NGO_1206,NGO_1206,580,CDE,Country/State
POL_29,POL_29,481,CDJ,Country/State
POL_705,POL_705,461,CDPA,Country/State
OTH_1072,OTH_1072,750,Ceasefire Supervisory Board,Country/State
IGO_491,IGO_491,,CEMAC,Country/State
POL_449,POL_449,482,Central African Democratic Rally,Country/State
NGO_433,NGO_433,,Central African Islamic community,Country/State
CON_6,CON_6,482,Central African Republic,Country/State
OTH_671,OTH_671,780,Central Bank of Sri Lanka,Country/State
ENT_412,ENT_412,940,Central Islands Province,Country/State
NGO_164,NGO_164,,Centre for Humanitarian Dialogue,Country/State
CON_157,CON_157,483,Chad,Country/State
CON_174,CON_174,510,Chama Cha Mapinduzi,Country/State
ENT_275,ENT_275,365,Chechen Republic,Country/State
CON_177,CON_177,155,Chile,Country/State
ENT_1247,ENT_1247,775,Chin State,Entity
CON_20,CON_20,710,China,Entity
ENT_286,ENT_286,771,Chittagong Hill Tracts,Entity
ENT_411,ENT_411,940,Choiseul Province,Entity
NGO_848,NGO_848,570,Christian Council of Lesotho,Entity
NGO_1122,NGO_1122,750,Church Forums (Nagaland),Entity
NGO_186,NGO_186,100,Church Representative,Entity
IGO_599,IGO_599,,CICA,Entity
IGO_53,IGO_53,,CIS,Entity
IGO_63,IGO_63,,CIS Peacekeeping Force,Entity
POL_245,POL_245,437,Citizens' Democratic Union,Entity
POL_427,POL_427,482,Civic Forum,Entity
POL_33,POL_33,481,CLR,Entity
OTH_1207,OTH_1207,580,CMRT,Entity
NGO_1291,NGO_1291,482,CNJ,Entity
NGO_1208,NGO_1208,580,CNPC,Entity
OTH_749,OTH_749,,Coalition Provisional Authority,Entity
IGO_639,IGO_639,,COE,Entity
IGO_483,IGO_483,,COI,Entity
IGO_598,IGO_598,,Collective Security Treaty Organization,Entity
OTH_1339,OTH_1339,570,College of Chiefs,Entity
CON_181,CON_181,100,Colombia,Entity
POL_662,POL_662,100,Colombian Conservative Party,Entity
POL_1249,POL_1249,100,Colombian Liberal Party,Entity
OTH_981,OTH_981,490,"Commission for Support of the Community Awareness, Disarmament, Demobilisation and Reintegration Process (CIAP-DDRC)",Entity
OTH_1018,OTH_1018,626,Committee 7 + 7,Entity
IGO_410,IGO_410,,Commonwealth,Entity
POL_659,POL_659,100,Communist Party of Colombia (Marxist‚ÄìLeninist),Entity
POL_145,POL_145,790,Communist Party of Nepal (Maoist Centre),Entity
POL_147,POL_147,790,Communist Party of Nepal (Unified Marxist‚ÄìLeninist),Entity
POL_1360,POL_1360,840,Communist Party of the Philippines,Entity
NGO_1297,NGO_1297,482,Communities at Risk,Entity
IGO_352,IGO_352,,Community of Portuguese-Speaking Countries,Entity
IGO_542,IGO_542,,Community of Sahel-Saharan States,Civil Society
NGO_95,NGO_95,,Community of Sant' Egidio,Entity
CON_485,CON_485,581,Comoros,Entity
NGO_1240,NGO_1240,580,Conference des Travailleurs de Madagascar,Entity
IGO_48,IGO_48,,Conference on Security and Cooperation in Europe,Entity
CON_42,CON_42,484,Congo,Entity
CON_264,CON_264,490,"Congo, Democratic Republic of the",Entity
OTH_925,OTH_925,652,Congress of Syrian National Dialogue,Entity
OTH_1253,OTH_1253,100,Constituent Assembly of Colombia,Civil Society
POL_698,POL_698,461,Convention African Peoples Democratic,Civil Society
OTH_1020,OTH_1020,490,Cooperative for Development of the Congo Church,Entity
NGO_885,NGO_885,,Coordination des Organizations des Musulmans Centrafricains,Entity
OTH_617,OTH_617,840,Cordillera Bodong Administration,Entity
CON_585,CON_585,94,Costa Rica,Entity
NGO_713,NGO_713,540,Council of Christian Churches of Angola,Entity
POL_702,POL_702,461,CPP,Entity
CON_1,CON_1,344,Croatia,Entity
POL_833,POL_833,344,Croatian Democratic Union,Entity
CON_203,CON_203,40,Cuba,Government/state
CON_609,CON_609,352,Cyprus,Government/state
CON_637,CON_637,316,Czechia,Government/state
ENT_682,ENT_682,315,Czechoslovakia,Government/state
ENT_1307,ENT_1307,625,Darfur,Government/state
OTH_1277,OTH_1277,625,Darfur Movements,Government/state
OTH_1309,OTH_1309,625,Darfur Stakeholders,Government/state
OTH_708,OTH_708,750,Darjeeling Gorkha Hill Council,Government/state
POL_841,POL_841,570,Democratic Congress,Regional IGO
POL_999,POL_999,346,Democratic Front,Regional IGO
POL_305,POL_305,811,Democratic Kampuchea,Regional IGO
POL_1333,POL_1333,482,Democratic Opposition,Intergovernmental Organization
POL_212,POL_212,560,Democratic Party,Intergovernmental Organization
POL_1216,POL_1216,580,Democratic Party for Union in Madagascar¬†,Intergovernmental Organization
POL_403,POL_403,339,Democratic Party of Albanians,International IGO
POL_30,POL_30,481,Democratic Party of Gabon,International IGO
POL_243,POL_243,437,Democratic Party of Ivory Coast ‚Äì African Democratic Rally,International IGO
POL_396,POL_396,437,Democratic Party of¬†Ivory Coast,International IGO
POL_695,POL_695,461,Democratic party pure Unite,International IGO
POL_548,POL_548,,Democratic Unionist Party,Regional IGO
CON_604,CON_604,390,Denmark,Regional IGO
POL_1222,POL_1222,580,DHD,International IGO
ENT_859,ENT_859,520,Dhulbahante,International IGO
POL_217,POL_217,560,Dikwankwetla Party,Regional IGO
OTH_874,OTH_874,750,Dimasa Student's Union,Regional IGO
GP-19,,,Diplomatic Community,International IGO
CON_248,CON_248,522,Djibouti,Regional IGO
GP-129,,54,Dominica,International IGO
GP-130,,42,Dominican Republic,International IGO
ENT_721,ENT_721,369,Donetsk People Republic,International IGO
GP-20,,,DPPA,International IGO
POL_116,POL_116,230,EA,International IGO
IGO_535,IGO_535,,EAC,International IGO
IGO_1118,IGO_1118,,EACRF,International IGO
CON_399,CON_399,860,East Timor,Regional IGO
OTH_398,OTH_398,860,East Timor Police Force,Regional IGO
OTH_1175,OTH_1175,,EBO,International IGO
IGO_638,IGO_638,,EBRD,International IGO
IGO_1006,IGO_1006,,EC,International IGO
IGO_913,IGO_913,,ECCAS,International IGO
IGO_597,IGO_597,,ECO,Regional IGO
IGO_89,IGO_89,,Economic Community of West African States,International IGO
CON_179,CON_179,130,Ecuador,International IGO
IGO_985,IGO_985,,EFTA,International IGO
NGO_106,NGO_106,230,Egizan,Regional IGO
CON_82,CON_82,651,Egypt,International IGO
CON_300,CON_300,92,El Salvador,International IGO
OTH_1016,OTH_1016,626,Elder/Community Leader,Regional IGO
NGO_1251,NGO_1251,770,Elders of North Waziristan of Utmanzai,International IGO
NGO_110,NGO_110,230,Elkarri,International IGO
NGO_1264,NGO_1264,626,Eminent Personalities,Regional IGO
NGO_719,NGO_719,626,Eminent Personalities Representative,International IGO
NGO_712,NGO_712,,Episcopal Conference of Angola and Sao Tome,Regional IGO
NGO_184,NGO_184,100,Episcopal Conference of Colombia,Regional IGO
NGO_502,NGO_502,90,Episcopal Conference of Guatemala,Regional IGO
OTH_1272,OTH_1272,,Episcopalian Conference of Germany and Colombia,Regional IGO
POL_363,POL_363,450,Equal Rights Party,Regional IGO
CON_930,CON_930,411,Equatorial Guinea,International IGO
CON_272,CON_272,531,Eritrea,International IGO
CON_605,CON_605,366,Estonia,Regional IGO
GP-131,,572,Eswatini (formerly Swaziland),Intergovernmental Organization
POL_444,POL_444,700,Etelaf-e Milli,Intergovernmental Organization
CON_159,CON_159,530,Ethiopia,Regional IGO
IGO_5,IGO_5,,EU,Regional IGO
IGO_436,IGO_436,,EU Commission,International IGO
NGO_121,NGO_121,230,Euskal Herriko Nekazarien Elkartasuna,Regional IGO
NGO_119,NGO_119,230,Eusko Langileen Alkartasuna,International IGO
NGO_434,NGO_434,482,Evangelical Baptist Church in the Central African Republic,International IGO
OTH_836,OTH_836,346,Exchange Comisssion,International IGO
OTH_1276,OTH_1276,100,Exploratory Commission for Peace,International IGO
NGO_111,NGO_111,230,Ezker Sindikalaren Konbergentzia¬†,Regional IGO
NGO_113,NGO_113,230,Ezker Sindikalaren Koordinakundea-Coordinadora Unitaria de Izquierda Sindical,Regional IGO
NGO_1242,NGO_1242,580,F√©d√©ration des Syndicats de Travailleurs de Madagascar,Regional IGO
NGO_1224,NGO_1224,580,F√©d√©ration Mini√®re de Madagasca,International IGO
OTH_666,OTH_666,100,Facilitating and Verification Commission,International IGO
NGO_1323,NGO_1323,626,Faith-based Council,International IGO
POL_501,POL_501,90,FAN,International IGO
NGO_1359,NGO_1359,475,Fantsuwan,International IGO
IGO_676,IGO_676,,FAO,International IGO
NGO_1232,NGO_1232,,FAWE,International IGO
POL_800,POL_800,775,FDA,International IGO
NGO_1245,NGO_1245,580,Federation de Hoteliers et Restaurateurs de Madagascar,International IGO
NGO_1085,NGO_1085,450,Federation of Liberia Youth,International IGO
POL_1225,POL_1225,580,Femmes legalistes de la mouvance Ravalomanana,International IGO
NGO_1254,NGO_1254,100,FENALCO National Merchants/Traders federation,International IGO
POL_644,POL_644,615,FFS,International IGO
CON_281,CON_281,950,Fiji,International IGO
CON_171,CON_171,375,Finland,International IGO
NGO_1244,NGO_1244,580,FIV.MPA.MA,International IGO
POL_643,POL_643,615,FLN,Regional IGO
NGO_428,NGO_428,482,FNEC,International IGO
POL_1179,POL_1179,581,FNJ,International IGO
POL_1223,POL_1223,580,Forces pour le Changement,International IGO
NGO_416,NGO_416,490,Forces Vives of the Nation ,International IGO
OTH_928,OTH_928,678,Foundation and Representative Prisoners Affairs & Missing Persons of the Arab Coalition ,International IGO
CON_7,CON_7,220,France,International IGO
POL_370,POL_370,450,Free Democracy Party,International IGO
POL_1255,POL_1255,541,FRELIMO,International IGO
POL_321,POL_321,516,FRODEBU,Regional IGO
OTH_895,OTH_895,490,Front for the Respect of the Constitution,Regional IGO
NGO_1343,NGO_1343,475,Fulani,International IGO
POL_246,POL_246,811,FUNCINPEC,International IGO
CON_17,CON_17,481,Gabon,Regional IGO
POL_35,POL_35,481,Gabon People‚Äôs Union,International IGO
OTH_1152,OTH_1152,,Gaddafi International Foundation for Charitable Associations,International IGO
ENT_561,ENT_561,520,Galmudug,International IGO
CON_16,CON_16,420,Gambia,Regional IGO
IGO_540,IGO_540,,GCC,International IGO
NGO_1243,NGO_1243,580,GEM,International IGO
NGO_1075,NGO_1075,626,Gender Empowerment for South Sudan Organisation,Civil Society
OTH_725,OTH_725,620,General National Congress,Civil Society
POL_311,POL_311,678,General People's Congress,Civil Society
CON_45,CON_45,372,Georgia,Civil Society
CON_2,CON_2,255,Germany,Civil Society
NGO_105,NGO_105,230,Gernika Batzordea,Civil Society
NGO_1226,NGO_1226,580,GESCI,Civil Society
CON_94,CON_94,452,Ghana,Civil Society
POL_1227,POL_1227,580,GLM,Civil Society
OTH_101,OTH_101,230,GOGOA,Civil Society
OTH_748,OTH_748,645,Governing Council,Civil Society
CON_636,CON_636,350,Greece,Civil Society
GP-132,,55,Grenada,Civil Society
OTH_1021,OTH_1021,490,Group and Village Leaders,Civil Society
NGO_704,NGO_704,461,"Group for Reflexion and Action on Women, Democracy and Development",Civil Society
OTH_654,OTH_654,840,GRP Peace Panel,Civil Society
ENT_409,ENT_409,940,Guadalcanal Province,Civil Society
OTH_853,OTH_853,940,Guadalcanal Provincial Government,Civil Society
CON_306,CON_306,90,Guatemala ,Civil Society
CON_44,CON_44,438,Guinea ,Civil Society
OTH_898,OTH_898,438,Guinea - Opposition Party,Civil Society
CON_91,CON_91,404,Guinea-Bissau,Civil Society
GP-133,,110,Guyana,Civil Society
NGO_1350,NGO_1350,475,Gwandara,Civil Society
ENT_861,ENT_861,520,Habar Yoonis,Civil Society
ENT_858,ENT_858,520,Habr Je'lo,Civil Society
CON_67,CON_67,41,Haiti,Civil Society
POL_442,POL_442,700,Harkat-e-Inquilab-e-Islami,Civil Society
NGO_1342,NGO_1342,475,Hausa,Civil Society
OTH_1292,OTH_1292,482,HCC,Civil Society
NGO_107,NGO_107,230,Herria 2000 Eliza¬†(aldizkaria),Civil Society
POL_443,POL_443,700,Hezbe Wahdat,Civil Society
IGO_65,IGO_65,,High Commission for Refugees,Civil Society
OTH_929,OTH_929,620,High Council of State,Civil Society
OTH_1153,OTH_1153,,High Representative for Bosnia and Herzegovina,Civil Society
GP-108,,,High-Level Independent Panel on Security and Development of the Sahel,Civil Society
ENT_1103,ENT_1103,520,Hirshabelle,Civil Society
NGO_108,NGO_108,230,Hiru,Civil Society
CON_621,CON_621,91,Honduras,Civil Society
OTH_663,OTH_663,100,Hope for Peace and Freedom,Civil Society
OTH_727,OTH_727,620,House of Representatives,Civil Society
GP-122,,,Human Rights Research Society in Norway,Civil Society
NGO_450,NGO_450,482,"Human rights, justice and democracy groups",Civil Society
CON_602,CON_602,310,Hungary,Civil Society
GP-32,,,ICC,Civil Society
CON_601,CON_601,385,Iceland,Civil Society
IGO_493,IGO_493,,ICGLR,Civil Society
NGO_201,NGO_201,,ICRC,Civil Society
IGO_679,IGO_679,,IFAD,Civil Society
IGO_312,IGO_312,,IGAD,Civil Society
NGO_1341,NGO_1341,475,Ikulu,Civil Society
IGO_438,IGO_438,,IMF,Civil Society
OTH_1011,OTH_1011,840,IMT,Civil Society
OTH_1258,OTH_1258,,Independent,Civil Society
POL_1002,POL_1002,346,Independent Bloc,Civil Society
POL_28,POL_28,481,Independent Centre Party of Gabon,Civil Society
POL_319,POL_319,516,Independent Labor Party,Civil Society
CON_70,CON_70,750,India,Civil Society
NGO_1193,NGO_1193,100,Indigenous peoples representatives,Civil Society
CON_162,CON_162,850,Indonesia,Civil Society
POL_210,POL_210,560,Inkatha Freedom Party,Civil Society
POL_325,POL_325,516,Inkinzo,Civil Society
POL_218,POL_218,560,Intando Yesizwe Party,Civil Society
NGO_714,NGO_714,540,Inter-Ecclesiastical Council for Peace in Angol,Civil Society
NGO_1295,NGO_1295,482,Inter-NGO Council in the Central African Republic,Civil Society
OTH_371,OTH_371,450,Inter-religious Council for Liberia,Civil Society
OTH_642,OTH_642,570,Interim Political Authority,Civil Society
OTH_514,OTH_514,620,Interim Transitional National Council,Civil Society
NGO_1296,NGO_1296,482,Internally Displaced Persons,Civil Society
OTH_206,OTH_206,,International Community,Civil Society
OTH_837,OTH_837,,International Conference on the Former Yugoslavia,Civil Society
OTH_477,OTH_477,482,International Monitoring Committee,Civil Society
OTH_475,OTH_475,,International Negotiations Network (INN),Civil Society
IGO_675,IGO_675,,International Organization for Migration,Civil Society
OTH_1154,OTH_1154,346,International Police Task Force,Civil Society
GP-112,,,International Rescue Committee,Civil Society
POL_219,POL_219,560,Inyandza National Movement,Civil Society
CON_289,CON_289,630,Iran (Islamic Republic of),Civil Society
CON_75,CON_75,645,Iraq,Civil Society
CON_169,CON_169,205,Ireland,Civil Society
IGO_596,IGO_596,,ISDB,Civil Society
NGO_1029,NGO_1029,482,Islamic Community,Civil Society
ENT_811,ENT_811,770,Isperka,Civil Society
CON_76,CON_76,666,Israel,Civil Society
CON_139,CON_139,325,Italy,Civil Society
POL_446,POL_446,700,Ittehad-e-Islami,Civil Society
ENT_970,ENT_970,490,Ituri,Civil Society
POL_117,POL_117,230,IU,Civil Society
POL_239,POL_239,437,Ivorian Workers' Party,Civil Society
GP-134,,437,Ivory Coast (Côte d'Ivoire),Civil Society
NGO_1356,NGO_1356,475,Jaba,Civil Society
GP-135,,51,Jamaica,Civil Society
POL_445,POL_445,700,Jamayat-E-Islami,Civil Society
CON_294,CON_294,740,Japan,Civil Society
GOV_1183,GOV_1183,475,Jema'a LGA,Civil Society
NGO_1238,NGO_1238,580,Jeune Patronat de Madagascar,Civil Society
OTH_166,OTH_166,850,Joint Committee on Humanitarian Action,Civil Society
OTH_167,OTH_167,850,Joint Committee on Security Modalities,Civil Society
OTH_856,OTH_856,365,Joint Control Commission (JCC),Civil Society
OTH_1330,OTH_1330,625,Joint Defense Council,Civil Society
OTH_1274,OTH_1274,372,Joint Peacekeeping Force (JPKF),Civil Society
CON_78,CON_78,663,Jordan,Civil Society
OTH_566,OTH_566,520,Jubba Interim Administration,Civil Society
ENT_835,ENT_835,520,Jubbaland,Civil Society
POL_882,POL_882,678,Justice and Construction Party,Civil Society
GOV_1301,GOV_1301,750,KAAC,Civil Society
GOV_1184,GOV_1184,475,Kachia LGA,Civil Society
NGO_1353,NGO_1353,475,Kagoro,Civil Society
NGO_1340,NGO_1340,475,Kamantan,Other
NGO_1358,NGO_1358,475,Kaninkon,Civil Society
OTH_871,OTH_871,750,Karbi Students Union,Civil Society
OTH_820,OTH_820,775,Karen State Peace Making Group,Civil Society
OTH_557,OTH_557,775,Karen State-Level Peace-Making Team,Civil Society
GOV_1185,GOV_1185,475,Kaura LGA,Civil Society
CON_56,CON_56,705,Kazakhstan,Civil Society
CON_172,CON_172,501,Kenya,Civil Society
GP-136,,942,Kiribati,Civil Society
POL_1231,POL_1231,580,KMD,Civil Society
NGO_1228,NGO_1228,580,KMF/CNOE-Education¬†des¬†citoyens,Other
POL_886,POL_886,482,KNK,Other
NGO_429,NGO_429,482,KOLI-OUALI GALA,Other
ENT_418,ENT_418,347,Kosovo,Civil Society
ENT_1174,ENT_1174,,Krajina,Other
ENT_497,ENT_497,,Kurdistan,Civil Society
NGO_1355,NGO_1355,475,Kuturmi,Civil Society
CON_563,CON_563,692,Kuwait,Other
CON_55,CON_55,703,Kyrgyzstan,Other
IGO_338,IGO_338,,La Francophonie,Other
POL_1325,POL_1325,438,La Mouvance,Other
POL_382,POL_382,450,Labor Party,Other
POL_220,POL_220,560,Labour Party SA,Other
NGO_120,NGO_120,230,Langile¬†Abertzaleen¬†Batzordeak,Other
CON_298,CON_298,812,Laos,Other
CON_615,CON_615,367,Latvia,Other
NGO_1086,NGO_1086,450,LCC,Other
POL_1198,POL_1198,580,LEADER-Fanilo,Other
OTH_1308,OTH_1308,625,Leading personalities of the Darfur Movements,Other
IGO_346,IGO_346,,League of Arab States,Other
POL_519,POL_519,660,Lebanese Democrat Party,Other
CON_79,CON_79,660,Lebanon,Other
OTH_1156,OTH_1156,910,Leitana Council of Elders,Other
CON_521,CON_521,570,Lesotho,Other
POL_847,POL_847,570,Lesotho Congress for Democracy,Other
NGO_849,NGO_849,570,Lesotho Council of NGOs,Other
POL_525,POL_525,570,Lesotho People's Congress,Civil Society
POL_523,POL_523,570,Lesotho Workers Party,Other
POL_327,POL_327,516,Liberal Party,Civil Society
CON_83,CON_83,450,Liberia,Other
OTH_466,OTH_466,450,Liberia Council,Other
OTH_375,OTH_375,450,Liberia Leadership Forum,Other
OTH_231,OTH_231,450,Liberia National Conference,Other
POL_362,POL_362,450,Liberia National Union,Other
POL_383,POL_383,450,Liberia Unification Party,Other
POL_376,POL_376,450,Liberian Action Party,Other
OTH_384,OTH_384,450,Liberian Bar Association,Other
OTH_385,OTH_385,450,Liberians in Diaspora,Other
POL_381,POL_381,450,Liberians People's Party,Other
CON_285,CON_285,620,Libya,Other
OTH_969,OTH_969,620,Libyan Political Dialogue Forum,Other
CON_613,CON_613,223,Liechtenstein,Other
CON_612,CON_612,368,Lithuania,Civil Society
OTH_794,OTH_794,340,Local Authorities,Other
ENT_1280,ENT_1280,840,"Lone District, Ifugao",Other
ENT_720,ENT_720,369,Luhansk People Republic,Civil Society
CON_611,CON_611,215,Luxembourg,Other
NGO_1349,NGO_1349,475,Mada,Other
CON_481,CON_481,580,Madagascar,Civil Society
POL_867,POL_867,790,Madhesi Janadhikar Forum,Civil Society
ENT_1163,ENT_1163,840,Maguindanao ,Other
OTH_1246,OTH_1246,580,Malagasy Political Stakeholders,Civil Society
POL_1199,POL_1199,580,Malagasy Tonga Saina,Civil Society
POL_1229,POL_1229,580,Malagsy Miara-Mandroso Aron'ny Demokrasia,Other
ENT_413,ENT_413,940,Malaita Province,Other
CON_392,CON_392,553,Malawi,Other
CON_12,CON_12,820,Malaysia,Civil Society
GP-137,,781,Maldives,Civil Society
CON_93,CON_93,432,Mali,Other
CON_614,CON_614,338,Malta,Other
NGO_838,NGO_838,,Malteser International,Other
NGO_1230,NGO_1230,580,MAMPAFI,Other
OTH_372,OTH_372,450,Mano River Women Peace Network,Other
POL_522,POL_522,570,Marematlou Freedom Party,Other
GP-138,,944,Marshall Islands,Other
POL_504,POL_504,90,MAS,Other
CON_387,CON_387,435,Mauritania,Other
CON_482,CON_482,590,Mauritius,Other
POL_1209,POL_1209,580,MAVANA,Government/state
NGO_1087,NGO_1087,450,MCL,Other
POL_1025,POL_1025,482,MCU,Other
POL_645,POL_645,615,MDA,Other
GOV_1140,GOV_1140,100,Medell√≠n,Other
OTH_745,OTH_745,692,Media,Other
NGO_956,NGO_956,678,Medical Professionals,Other
POL_24,POL_24,481,MESP,Other
CON_268,CON_268,70,Mexico,Other
POL_236,POL_236,437,MFA,Other
IGO_1283,IGO_1283,,MICOPAX,Civil Society
GP-139,,945,Micronesia,Other
IGO_681,IGO_681,,MIGA,Other
OTH_1267,OTH_1267,840,MILF Peace Panel,Other
IGO_892,IGO_892,,MINUSCA,Civil Society
IGO_570,IGO_570,,MINUSMA,Other
ENT_74,ENT_74,750,Mizoram,Government/state
POL_505,POL_505,90,MLN,Other
POL_422,POL_422,482,MLPC,Other
ENT_862,ENT_862,581,Moheli,Other
NGO_1084,NGO_1084,450,MOJA,Other
CON_60,CON_60,359,Moldova,Other
OTH_556,OTH_556,775,Mon State Level Peace-Making Group,Other
CON_608,CON_608,712,Mongolia,Other
POL_1210,POL_1210,580,MONIMA,Other
OTH_1151,OTH_1151,484,Monitoring Commission of the Douala Appeal ,Other
OTH_686,OTH_686,850,Monitoring Team of Security Modality,Other
CON_607,CON_607,341,Montenegro,Other
IGO_624,IGO_624,,MONUC,Civil Society
IGO_972,IGO_972,,MONUSCO,Political Party
POL_26,POL_26,481,MORENA,Civil Society
NGO_1354,NGO_1354,475,Moro'a,Civil Society
CON_228,CON_228,600,Morocco,Civil Society
POL_424,POL_424,482,Movement for Democracy and Development,Political Party
POL_579,POL_579,552,Movement for Democratic Change,Other
POL_1000,POL_1000,346,Movement of Democratic Action,Other
CON_97,CON_97,541,Mozambique,Other
ENT_812,ENT_812,770,Musa Khel,Other
NGO_1028,NGO_1028,482,Muslim Community,Other
NGO_1180,NGO_1180,541,Muslim Community Leader,Civil Society
ENT_1161,ENT_1161,581,Mwali,Political Party
OTH_337,OTH_337,,Mwalimu Nyerere Foundation,Political Party
CON_551,CON_551,775,Myanmar,Political Party
NGO_1121,NGO_1121,750,Naga Civil Society Organisation,Political Party
ENT_1099,ENT_1099,750,Nagaland,Political Party
ENT_1173,ENT_1173,373,Nagorno-Karabakh,Political Party
IGO_347,IGO_347,,NAM,Political Party
CON_13,CON_13,565,Namibia,Political Party
POL_223,POL_223,560,Natal / Tvl Indian Congress,Political Party
POL_34,POL_34,481,National Assembly of Foresters,Political Party
OTH_927,OTH_927,678,National Committee Prisoners Affairs & Missing Persons,Political Party
NGO_1294,NGO_1294,482,National Confederation of Farmers and Breeders,Political Party
POL_538,POL_538,625,National Congress Party,Political Party
OTH_510,OTH_510,700,National Consultative Peace Jirga (NCPJ),Political Party
OTH_539,OTH_539,678,National Council,Political Party
POL_655,POL_655,625,National Democratic Alliance,Political Party
POL_374,POL_374,450,National Democratic Party,Political Party
OTH_529,OTH_529,570,National Independent,Political Party
POL_840,POL_840,570,National Independent Party,Political Party
POL_448,POL_448,700,National Islamic Front of Afghanistan,Political Party
POL_798,POL_798,775,National League for Democracy,Political Party
NGO_1083,NGO_1083,450,National Medical and Dental Association of Liberia,Political Party
POL_547,POL_547,483,National Movement,Political Party
OTH_690,OTH_690,615,National Organizations,Political Party
POL_224,POL_224,560,National Party,Political Party
POL_1005,POL_1005,482,National Party for a New Central Africa,Political Party
POL_379,POL_379,450,National Patriotic Party,Political Party
OTH_1143,OTH_1143,100,National Peace Committee,Political Party
POL_225,POL_225,560,National People's Party,Political Party
OTH_340,OTH_340,90,National Reconciliation Commission,Political Party
OTH_503,OTH_503,90,National Reconciliation Commission (CNR),Political Party
POL_369,POL_369,450,National Reform Party,Political Party
POL_506,POL_506,90,National Renewal Party,Political Party
POL_661,POL_661,100,National Salvation Movement,Political Party
OTH_1269,OTH_1269,840,National Security Council,Political Party
OTH_1300,OTH_1300,626,National Security Service,Political Party
OTH_1326,OTH_1326,482,National Stakeholders,Political Party
OTH_839,OTH_839,482,National Transition Council,Political Party
OTH_726,OTH_726,620,National Transitional Council,Political Party
POL_802,POL_802,775,National Unity Party,Political Party
POL_868,POL_868,625,National¬†Umma Party,Political Party
POL_1119,POL_1119,750,Nationalist Socialist Council of Nagalim/Government of the People's Republic of Nagalim,Political Party
POL_799,POL_799,775,Nationalities Brotherhood Federation,Political Party
IGO_406,IGO_406,,NATO,Political Party
GP-140,,941,Nauru,Political Party
CON_146,CON_146,790,Nepal,Political Party
POL_150,POL_150,790,Nepal Majdoor Kisan Party,Political Party
POL_149,POL_149,790,Nepal Sadbhavana Party,Political Party
POL_153,POL_153,790,Nepal Socialist Party,Political Party
POL_154,POL_154,790,Nepal¬†Workers' and Peasants' Party,Political Party
POL_148,POL_148,790,Nepali Congress,Political Party
POL_996,POL_996,346,NES,Political Party
CON_10,CON_10,210,Netherlands,Political Party
POL_373,POL_373,450,New Deal Movement,Political Party
CON_276,CON_276,920,New Zealand,Political Party
ENT_1160,ENT_1160,581,Ngazidja,Political Party
ENT_170,ENT_170,200,NI,Political Party
POL_471,POL_471,,NI Labour Coalition,Political Party
POL_1074,POL_1074,,NI Women's Coalition,Political Party
CON_397,CON_397,93,Nicaragua,Political Party
CON_142,CON_142,436,Niger,Political Party
CON_90,CON_90,475,Nigeria,Political Party
NGO_1348,NGO_1348,475,Ninzo,Political Party
POL_994,POL_994,346,NiP,Political Party
OTH_1120,OTH_1120,750,NNPG,Political Party
OTH_873,OTH_873,750,North Cachatr Hills Student Federation,Political Party
ENT_47,ENT_47,365,North Caucasian,Political Party
CON_273,CON_273,731,North Korea,Political Party
CON_610,CON_610,343,North Macedonia,Political Party
ENT_634,ENT_634,365,North Ossetia,Political Party
ENT_1329,ENT_1329,625,Northern Bahr El-Gazal State,Political Party
CON_81,CON_81,385,Norway,Political Party
GP-111,,,Norwegian Refugee Council,Political Party
POL_998,POL_998,346,NS,Political Party
NGO_1346,NGO_1346,475,Numana,Political Party
IGO_68,IGO_68,,OAS,Political Party
IGO_43,IGO_43,,OAU,Political Party
GP-51,,,OCHA,Political Party
NGO_423,NGO_423,482,OFCA,Political Party
OTH_1024,OTH_1024,840,"Office of the Presidential Adviser on Peace, Reconciliation and Unity",Political Party
IGO_990,IGO_990,,Office of the Special Envoy of the Secretary-General for Yemen (OSESG-Yemen),Political Party
IGO_640,IGO_640,,Office of the United Nations High Commissioner for Human Rights,Political Party
ENT_860,ENT_860,520,Ogeyslabe,Political Party
IGO_226,IGO_226,,OIC,Political Party
CON_606,CON_606,698,Oman,Political Party
GP-109,,,OPCW,Political Party
POL_499,POL_499,501,Orange Democratic Movement,Political Party
IGO_50,IGO_50,,Organization for Security and Cooperation in Europe,Entity
ENT_1133,ENT_1133,530,Oromia region,Political Party
POL_693,POL_693,461,PAD,Political Party
CON_395,CON_395,770,Pakistan,Political Party
POL_1285,POL_1285,775,Palaung State Liberation Front,Political Party
ENT_739,ENT_739,667,Palestine,Political Party
GP-3,,,Palestine Committee in Asian Parliamentary Assembly,Political Party
POL_330,POL_330,516,Palipehutu,Political Party
NGO_1032,NGO_1032,482,Pan-African Union of the Young,Political Party
CON_670,CON_670,95,Panama,Political Party
CON_282,CON_282,910,Papua New Guinea,Political Party
GP-141,,150,Paraguay,Political Party
POL_332,POL_332,516,PARENA,Political Party
POL_37,POL_37,481,PARI,Political Party
POL_1212,POL_1212,580,Parti FANARENANA,Political Party
POL_1214,POL_1214,580,Parti fort Democratique de Madagascar,Political Party
POL_115,POL_115,230,Partido Nacionalista Vasco,Political Party
POL_696,POL_696,461,Party for Democracy and Renewal,Political Party
POL_1007,POL_1007,346,Party of Democratic Action,Political Party
POL_883,POL_883,645,Patriotic Union of Kurdistan,Political Party
POL_432,POL_432,482,Patritotic Front for Progress,Political Party
OTH_1176,OTH_1176,775,PCG,Political Party
POL_1115,POL_1115,626,PDM,Political Party
OTH_664,OTH_664,100,Peace Facilitation Commission,Political Party
OTH_1155,OTH_1155,910,Peace Monitoring Group,Political Party
POL_378,POL_378,450,People's Democratic Party,Political Party
POL_151,POL_151,790,People's Front Nepal,Political Party
POL_326,POL_326,516,People's Party,Political Party
POL_331,POL_331,516,People's Reconciliation Party,Political Party
CON_178,CON_178,135,Peru,Political Party
NGO_1215,NGO_1215,580,PFNOSCM,Political Party
POL_23,POL_23,481,PGP,Political Party
OTH_474,OTH_474,840,Philippine Peace Center,Political Party
CON_160,CON_160,840,Philippines,Political Party
OTH_1010,OTH_1010,840,Philippines National Police,Political Party
NGO_1239,NGO_1239,580,Plateforme Nationale des Jeunes pour les Developpement,Political Party
CON_603,CON_603,290,Poland,Political Party
OTH_1327,OTH_1327,625,Police and National Security,Political Party
OTH_360,OTH_360,90,Political and Diplomatic Commission,Political Party
POL_893,POL_893,490,Political Opposition,Political Party
POL_191,POL_191,100,Political Parties,Political Party
POL_957,POL_957,775,Political Parties Group,Political Party
POL_916,POL_916,775,Political Parties Representatives,Political Party
POL_743,POL_743,692,Political Societies,Political Party
POL_527,POL_527,570,Popular Front for Democracy,Political Party
POL_880,POL_880,678,Popular Unificationist Nasserite Organization,Political Party
CON_259,CON_259,235,Portugal,Political Party
OTH_735,OTH_735,678,Preparatory Committee for National Dialogue,Political Party
OTH_303,OTH_303,678,Presidential Council,Political Party
NGO_1082,NGO_1082,450,Press Union of Liberia,Political Party
ENT_962,ENT_962,347,Pristina,Political Party
POL_401,POL_401,860,Pro-Integration Party,Political Party
POL_368,POL_368,450,Progressive Peoples Party,Political Party
POL_517,POL_517,660,Progressive Socialist Party,Political Party
POL_468,POL_468,,Progressive Unionist Party,Political Party
POL_31,POL_31,481,PSD,Political Party
POL_507,POL_507,90,PSD,Political Party
POL_646,POL_646,615,PT,Political Party
GP-58,,,Public International Law & Policy Group,Political Party
ENT_534,ENT_534,520,Puntland,Political Party
POL_39,POL_39,481,PUP,Political Party
POL_32,POL_32,481,PUP-CRISE,Political Party
CON_486,CON_486,694,Qatar,Political Party
GP-59,,694,Qatar Fund for Development,Political Party
GP-60,,694,Qatar Red Crescent Society,Political Party
NGO_1220,NGO_1220,580,R√©seau pour l‚Äô√©radication de la violence ,Political Party
POL_328,POL_328,516,RADDES,Political Party
OTH_560,OTH_560,775,Rakhine State Government Peace-Making Group,Political Party
POL_559,POL_559,775,Rakhine State Liberation Party,Political Party
POL_322,POL_322,516,Rally for the People of Burundi,Political Party
POL_887,POL_887,482,Rally for the Republic,Political Party
POL_1218,POL_1218,580,Rassemblement des d√©mocrates musulmans de Madagascar Renouveau,Political Party
IGO_1219,IGO_1219,580,REFAMP,Political Party
POL_367,POL_367,450,Reformation Alliance Party,Political Party
NGO_451,NGO_451,482,Religious Denominations,Political Party
POL_1217,POL_1217,580,Renewal of the Social Democratic Party,Political Party
NGO_1076,NGO_1076,626,Representative of Women Group-WES,Political Party
POL_194,POL_194,100,Revolutionary Worker‚Äôs Party,Political Party
CON_394,CON_394,360,Romania,Political Party
NGO_1095,NGO_1095,700,Rome Group,Political Party
CON_21,CON_21,365,Russia,Political Party
CON_339,CON_339,517,Rwanda,Political Party
POL_1248,POL_1248,100,S√≠ Colombia,Political Party
CON_353,CON_353,403,S√£o Tom√© and Pr√≠ncipe,Political Party
POL_209,POL_209,560,SA Communist Party,Political Party
IGO_1139,IGO_1139,,SAARC,International IGO
IGO_349,IGO_349,,SADC,Other
GP-142,,56,Saint Kitts and Nevis,Other
GP-143,,57,Saint Lucia,Civil Society
GP-144,,58,Saint Vincent and the Grenadines,Regional IGO
GP-145,,990,Samoa,Civil Society
NGO_457,NGO_457,70,San Miguel Community,Civil Society
GOV_1186,GOV_1186,475,Sanga LGA,Other
GP-146,,404,Sao Tome and Principe,International IGO
CON_419,CON_419,670,Saudi Arabia,International IGO
GP-110,,,Save the Children,
IGO_586,IGO_586,,SCO,Other
POL_467,POL_467,,SDLP,Other
POL_997,POL_997,346,SDP,International IGO
NGO_1241,NGO_1241,580,Sendika Revolisakonera Malagasy,International IGO
CON_92,CON_92,433,Senegal,International IGO
NGO_103,NGO_103,230,Senideak,International IGO
CON_348,CON_348,340,Serbia,International IGO
POL_1181,POL_1181,346,Serbian Democratic Party,International IGO
CON_641,CON_641,591,Seychelles,Civil Society
POL_472,POL_472,,SF,
OTH_984,OTH_984,490,SFCG ‚Äì Consortium Maji ya Amani,
GP-65,,,SFCG Consortium Maji ya Amani,
ENT_808,ENT_808,770,"Shakai, District Wana",
NGO_388,NGO_388,,Shi'a,
CON_99,CON_99,451,Sierra Leone,
CON_296,CON_296,830,Singapore,
OTH_1304,OTH_1304,625,SLM-TC,
CON_592,CON_592,317,Slovakia,
CON_14,CON_14,317,Slovenia,
POL_404,POL_404,343,Social Democratic Union of Macedonia,
OTH_199,OTH_199,,Socialist International,
POL_40,POL_40,481,Socialist Union of Gabon,
POL_1221,POL_1221,580,sofema,
POL_208,POL_208,560,Solidarity,
POL_737,POL_737,678,Solidarity Council and the Freedom Bloc,
CON_279,CON_279,940,Solomon Islands,
CON_358,CON_358,520,Somalia,
NGP_1233,NGP_1233,580,SOS Aux Victimes de Non Droit,
CON_221,CON_221,560,South Africa,
NGO_977,NGO_977,490,South Kivu Civil Society,
CON_458,CON_458,732,South Korea,
ENT_635,ENT_635,365,South Ossetia,
GP-147,,780,South Sri Lanka*,
CON_173,CON_173,626,South Sudan,
OTH_463,OTH_463,626,South Sudan Independents Group,
POL_464,POL_464,626,South Sudan United Democratic Front,
ENT_809,ENT_809,770,South Wazirstan Agency,
ENT_1102,ENT_1102,520,South West State,
ENT_1324,ENT_1324,520,South-West State of Somalia,
ENT_865,ENT_865,625,Southern Kordofan,
CON_4,CON_4,230,Spain,
NGO_193,NGO_193,230,Spanish Human Rights Association,
POL_187,POL_187,230,Spanish Socialist Workers Party,
CON_301,CON_301,780,Sri Lanka,
OTH_1271,OTH_1271,,Standing Committee of the Horn,
NGO_112,NGO_112,230,STEE-ELIAS,
CON_158,CON_158,625,Sudan,
NGO_389,NGO_389,,Sunni,
GP-148,,115,Suriname,
CON_593,CON_593,380,Sweden,
CON_202,CON_202,225,Switzerland,
NGO_1234,NGO_1234,580,Syndicat des fonctionnaires,
CON_77,CON_77,,Syria,
POL_518,POL_518,652,Syrian Social Nationalist Party,
OTH_1203,OTH_1203,580,T√©l√©vision Malagasy,
CON_62,CON_62,702,Tajikistan,
POL_866,POL_866,790,Terai Madhesh Loktantrik Party,
CON_295,CON_295,800,Thailand,
POL_515,POL_515,660,The Future Movement,
CON_85,CON_85,461,Togo,
POL_697,POL_697,461,Togolese Union for Democracy,
CON_280,CON_280,953,Tonga,
NGO_1259,NGO_1259,625,Trade Union and Professional Associations Representatives,
NGO_425,NGO_425,482,Trade Unions,
NGO_1322,NGO_1322,626,Traditional Authority,
ENT_900,ENT_900,359,Transdniestria,
OTH_914,OTH_914,482,Transitional Government,
OTH_934,OTH_934,625,Transitional Military Council,
OTH_968,OTH_968,625,Transitional Sovereignty Council,
ENT_216,ENT_216,560,Transkei Govt,
OTH_730,OTH_730,620,Tribal Leaders,
GP-149,,52,Trinidad and Tobago,
ENT_487,ENT_487,750,Tripura,
POL_365,POL_365,450,True Whig Party,
POL_1027,POL_1027,482,Truth and Justice,
CON_590,CON_590,616,Tunisia,
CON_562,CON_562,640,Turkey,
NGO_390,NGO_390,,Turkmen,
CON_57,CON_57,701,Turkmenistan,
CON_591,CON_591,696,UAE,
POL_242,POL_242,437,UDCPI,
POL_469,POL_469,,UDP,
POL_694,POL_694,461,UDS,
CON_176,CON_176,500,Uganda,
CON_19,CON_19,200,UK,
CON_52,CON_52,369,Ukraine,
POL_470,POL_470,,Ulster Unionist Party,
IGO_49,IGO_49,,UN,
IGO_315,IGO_315,,UN General Assembly,
IGO_672,IGO_672,,UN Office on Drugs and Crimes,
IGO_391,IGO_391,,UN Secretariat,
IGO_386,IGO_386,,UN Secretary General,
IGO_8,IGO_8,,UN Security Council,
GP-71,,,UN Truce Supervision Organization,
POL_801,POL_801,775,UNA,
GP-117,,,UNAMA,
IGO_652,IGO_652,,UNAMSIL,
IGO_795,IGO_795,,UNCRO,
GP-69,,,UNCT,
IGO_64,IGO_64,,UNDP,
GP-77,,,UNESCO,
IGO_678,IGO_678,,UNESCO,
GP-78,,,UNFPA,
IGO_674,IGO_674,,UNFPA,
IGO_440,IGO_440,,UNHRC,
IGO_459,IGO_459,,UNICEF,
POL_531,POL_531,790,Unified Communist Party of Nepal,
GP-119,,,UNIFIL,
POL_888,POL_888,482,Union for Central African Renewal,
POL_320,POL_320,516,Union for National Progress,
POL_878,POL_878,678,Union of Popular Forces,
OTH_710,OTH_710,775,Union Peace Working Committee,
OTH_817,OTH_817,775,Union Peace-Making Working Committee,
OTH_827,OTH_827,775,Union Peacemaking Working Committee,
POL_803,POL_803,775,Union Solidarity and Development Party,
POL_881,POL_881,678,Unionist Union Party,
NGO_1312,NGO_1312,615,Unions,
IGO_616,IGO_616,,UNISFA,
GP-85,,,UNITAMS,
OTH_953,OTH_953,750,United Bodo People's Organization,
POL_923,POL_923,626,United Democratic Party,
POL_920,POL_920,626,United Democratic Salvation Front,
NGO_1257,NGO_1257,541,United Methodist Church,
IGO_405,IGO_405,,United Nations Mission in Bosnia and Herzegovina (UNMIBH),
IGO_831,IGO_831,,United Nations Mission in South Sudan (UNMISS),
IGO_854,IGO_854,,United Nations Mission in Sudan (UNMIS),
IGO_454,IGO_454,,United Nations Mission of Observers in Tajikistan (UNMOT),
GP-114,,,United Nations Mission to support the Hodeidah Agreement,
IGO_274,IGO_274,,United Nations Observer Mission in Bougainville (UNOMB),
IGO_480,IGO_480,,United Nations Observer Mission in Georgia (UNOMIG),
GP-118,,,United Nations Office for Project Services,
IGO_536,IGO_536,,United Nations Political Office for Somalia (UNPOS),
IGO_355,IGO_355,,United Nations Protection Force (UNPROFOR),
GP-116,,,United Nations Relief and Works Agency for Palestine Refugees in the Near East,
GP-120,,,United Nations Special Coordinator for the Levant,
IGO_750,IGO_750,,United Nations Support Mission in Libya (UNSMIL),
IGO_1137,IGO_1137,,United Nations Verification and Inspection Commission (UNVIC),
POL_211,POL_211,560,United People's Front,
POL_364,POL_364,450,United People's Party,
POL_130,POL_130,520,United Somali Party,
POL_1001,POL_1001,346,United Srpska,
CON_3,CON_3,2,United States,
POL_922,POL_922,626,United Sudan African Party,
POL_380,POL_380,450,Unity Party,
ENT_1328,ENT_1328,625,Unity State,
GP-52,,,UNSCO,
CON_594,CON_594,165,Uruguay,
GP-121,,,US Special Envoy for Yemen,
OTH_284,OTH_284,2,USAID,
CON_54,CON_54,704,Uzbekistan,
CON_278,CON_278,935,Vanuatu,International IGO
CON_669,CON_669,,Vatican City,International IGO
ENT_215,ENT_215,560,Venda Govt,International IGO
CON_316,CON_316,101,Venezuela,International IGO
CON_297,CON_297,816,Vietnam,International IGO
POL_1235,POL_1235,580,VITM,International IGO
NGO_1236,NGO_1236,580,VMLF,International IGO
POL_1286,POL_1286,775,Wa National Organisation,International IGO
ENT_550,ENT_550,775,Wa Special Region,International IGO
ENT_857,ENT_857,520,Warsangali ,International IGO
IGO_437,IGO_437,,WB,International IGO
ENT_707,ENT_707,750,West Bengal,
IGO_673,IGO_673,,WFP,
IGO_677,IGO_677,,WHO,Country/State
NGO_1088,NGO_1088,450,WODAL,Country/State
NGO_1077,NGO_1077,482,Women Leaders Advisory Committee,Country/State
NGO_1078,NGO_1078,516,Women's Association,Country/State
GP-106,,,World Council of Churches,Country/State
NGO_192,NGO_192,,World Council of Indigenous Peoples,Country/State
IGO_250,IGO_250,,World Peace Council,Country/State
POL_214,POL_214,560,Ximoko Progressive Party,Country/State
CON_304,CON_304,678,Yemen,Country/State
POL_736,POL_736,678,Yemeni Congregation for Reform,Country/State
POL_310,POL_310,678,Yemeni Socialist Party,Country/State
NGO_1311,NGO_1311,615,Youth Groups,Country/State
NGO_919,NGO_919,626,Youth Representative,Country/State
CON_22,CON_22,345,Yugoslavia,Country/State
CON_335,CON_335,551,Zambia,Country/State
GOV_1187,GOV_1187,475,Zangon-Kataf LGA,Country/State
CON_350,CON_350,552,Zimbabwe,Country/State
POL_578,POL_578,552,Zimbabwe African National Union ‚Äì Patriotic Front,Country/State
GP-150,,,Non-Aligned Movement (Uganda),
GP-151,,,UN Committee on the Admission of New Members,
GP-152,,,Asian Parliamentary Assembly,
